-- Users
INSERT INTO users (id, username, password, role) VALUES (1, 'user_1942', 'password', 'DRIVER');
INSERT INTO users (id, username, password, role) VALUES (2, 'user_9023', 'password', 'DRIVER');
INSERT INTO users (id, username, password, role) VALUES (3, 'user_3372', 'password', 'DRIVER');
INSERT INTO users (id, username, password, role) VALUES (4, 'user_3593', 'password', 'DRIVER');
INSERT INTO users (id, username, password, role) VALUES (5, 'user_6428', 'password', 'DRIVER');
INSERT INTO users (id, username, password, role) VALUES (6, 'user_6908', 'password', 'DRIVER');
INSERT INTO users (id, username, password, role) VALUES (7, 'user_7629', 'password', 'DRIVER');
INSERT INTO users (id, username, password, role) VALUES (8, 'user_9746', 'password', 'DRIVER');
INSERT INTO users (id, username, password, role) VALUES (9, 'user_4639', 'password', 'DRIVER');
INSERT INTO users (id, username, password, role) VALUES (10, 'user_9466', 'password', 'DRIVER');
INSERT INTO users (id, username, password, role) VALUES (11, 'user_2822', 'password', 'DRIVER');
INSERT INTO users (id, username, password, role) VALUES (12, 'user_9886', 'password', 'DRIVER');
INSERT INTO users (id, username, password, role) VALUES (13, 'user_7898', 'password', 'DRIVER');
INSERT INTO users (id, username, password, role) VALUES (14, 'user_4543', 'password', 'DRIVER');
INSERT INTO users (id, username, password, role) VALUES (15, 'user_7284', 'password', 'DRIVER');
INSERT INTO users (id, username, password, role) VALUES (16, 'user_7047', 'password', 'DRIVER');
INSERT INTO users (id, username, password, role) VALUES (17, 'user_3547', 'password', 'DRIVER');
INSERT INTO users (id, username, password, role) VALUES (18, 'user_1729', 'password', 'DRIVER');
INSERT INTO users (id, username, password, role) VALUES (19, 'user_4520', 'password', 'DRIVER');
INSERT INTO users (id, username, password, role) VALUES (20, 'user_8816', 'password', 'DRIVER');
INSERT INTO users (id, username, password, role) VALUES (21, 'user_1441', 'password', 'DRIVER');
INSERT INTO users (id, username, password, role) VALUES (22, 'user_4840', 'password', 'DRIVER');
INSERT INTO users (id, username, password, role) VALUES (23, 'user_9265', 'password', 'DRIVER');
INSERT INTO users (id, username, password, role) VALUES (24, 'user_9720', 'password', 'DRIVER');
INSERT INTO users (id, username, password, role) VALUES (25, 'user_2409', 'password', 'DRIVER');
INSERT INTO users (id, username, password, role) VALUES (26, 'user_5801', 'password', 'DRIVER');
INSERT INTO users (id, username, password, role) VALUES (27, 'user_1630', 'password', 'DRIVER');
INSERT INTO users (id, username, password, role) VALUES (28, 'user_9391', 'password', 'DRIVER');
INSERT INTO users (id, username, password, role) VALUES (29, 'user_8821', 'password', 'DRIVER');
INSERT INTO users (id, username, password, role) VALUES (30, 'user_7506', 'password', 'DRIVER');
INSERT INTO users (id, username, password, role) VALUES (31, 'user_5710', 'password', 'DRIVER');
INSERT INTO users (id, username, password, role) VALUES (32, 'user_2630', 'password', 'DRIVER');
INSERT INTO users (id, username, password, role) VALUES (33, 'user_6140', 'password', 'DRIVER');
INSERT INTO users (id, username, password, role) VALUES (34, 'user_9841', 'password', 'DRIVER');
INSERT INTO users (id, username, password, role) VALUES (35, 'user_9478', 'password', 'DRIVER');
INSERT INTO users (id, username, password, role) VALUES (36, 'user_5678', 'password', 'DRIVER');
INSERT INTO users (id, username, password, role) VALUES (37, 'user_7146', 'password', 'DRIVER');
INSERT INTO users (id, username, password, role) VALUES (38, 'user_3805', 'password', 'DRIVER');
INSERT INTO users (id, username, password, role) VALUES (39, 'user_5396', 'password', 'DRIVER');
INSERT INTO users (id, username, password, role) VALUES (40, 'user_5764', 'password', 'DRIVER');
INSERT INTO users (id, username, password, role) VALUES (41, 'user_1704', 'password', 'DRIVER');
INSERT INTO users (id, username, password, role) VALUES (42, 'user_2171', 'password', 'DRIVER');
INSERT INTO users (id, username, password, role) VALUES (43, 'user_1635', 'password', 'DRIVER');
INSERT INTO users (id, username, password, role) VALUES (44, 'user_8270', 'password', 'DRIVER');
INSERT INTO users (id, username, password, role) VALUES (45, 'user_6851', 'password', 'DRIVER');
INSERT INTO users (id, username, password, role) VALUES (46, 'user_5360', 'password', 'DRIVER');
INSERT INTO users (id, username, password, role) VALUES (47, 'user_8800', 'password', 'DRIVER');
INSERT INTO users (id, username, password, role) VALUES (48, 'user_8729', 'password', 'DRIVER');
INSERT INTO users (id, username, password, role) VALUES (49, 'user_5186', 'password', 'DRIVER');
INSERT INTO users (id, username, password, role) VALUES (50, 'user_8868', 'password', 'DRIVER');
INSERT INTO users (id, username, password, role) VALUES (51, 'user_5073', 'password', 'DRIVER');
INSERT INTO users (id, username, password, role) VALUES (52, 'user_3702', 'password', 'DRIVER');
INSERT INTO users (id, username, password, role) VALUES (53, 'user_3073', 'password', 'DRIVER');
INSERT INTO users (id, username, password, role) VALUES (54, 'user_6935', 'password', 'DRIVER');
INSERT INTO users (id, username, password, role) VALUES (55, 'user_4659', 'password', 'DRIVER');
INSERT INTO users (id, username, password, role) VALUES (56, 'user_1143', 'password', 'DRIVER');
INSERT INTO users (id, username, password, role) VALUES (57, 'user_2551', 'password', 'DRIVER');
INSERT INTO users (id, username, password, role) VALUES (58, 'user_3895', 'password', 'DRIVER');
INSERT INTO users (id, username, password, role) VALUES (59, 'user_6242', 'password', 'DRIVER');
INSERT INTO users (id, username, password, role) VALUES (60, 'user_4730', 'password', 'DRIVER');
INSERT INTO users (id, username, password, role) VALUES (61, 'user_8228', 'password', 'DRIVER');
INSERT INTO users (id, username, password, role) VALUES (62, 'user_9587', 'password', 'DRIVER');
INSERT INTO users (id, username, password, role) VALUES (63, 'user_9380', 'password', 'DRIVER');
INSERT INTO users (id, username, password, role) VALUES (64, 'user_5310', 'password', 'DRIVER');
INSERT INTO users (id, username, password, role) VALUES (65, 'user_8959', 'password', 'DRIVER');
INSERT INTO users (id, username, password, role) VALUES (66, 'user_6083', 'password', 'DRIVER');
INSERT INTO users (id, username, password, role) VALUES (67, 'user_9335', 'password', 'DRIVER');
INSERT INTO users (id, username, password, role) VALUES (68, 'user_3241', 'password', 'DRIVER');
INSERT INTO users (id, username, password, role) VALUES (69, 'user_3400', 'password', 'DRIVER');
INSERT INTO users (id, username, password, role) VALUES (70, 'user_3144', 'password', 'DRIVER');
INSERT INTO users (id, username, password, role) VALUES (71, 'user_4084', 'password', 'DRIVER');
INSERT INTO users (id, username, password, role) VALUES (72, 'user_2559', 'password', 'DRIVER');
INSERT INTO users (id, username, password, role) VALUES (73, 'user_1326', 'password', 'DRIVER');
INSERT INTO users (id, username, password, role) VALUES (74, 'user_5581', 'password', 'DRIVER');
INSERT INTO users (id, username, password, role) VALUES (75, 'user_4897', 'password', 'DRIVER');
INSERT INTO users (id, username, password, role) VALUES (76, 'user_8118', 'password', 'DRIVER');
INSERT INTO users (id, username, password, role) VALUES (77, 'user_2084', 'password', 'DRIVER');
INSERT INTO users (id, username, password, role) VALUES (78, 'user_3248', 'password', 'DRIVER');
INSERT INTO users (id, username, password, role) VALUES (79, 'user_1478', 'password', 'DRIVER');
INSERT INTO users (id, username, password, role) VALUES (80, 'user_2651', 'password', 'DRIVER');
INSERT INTO users (id, username, password, role) VALUES (81, 'user_4926', 'password', 'DRIVER');
INSERT INTO users (id, username, password, role) VALUES (82, 'user_8226', 'password', 'DRIVER');
INSERT INTO users (id, username, password, role) VALUES (83, 'user_5625', 'password', 'DRIVER');
INSERT INTO users (id, username, password, role) VALUES (84, 'user_3712', 'password', 'DRIVER');
INSERT INTO users (id, username, password, role) VALUES (85, 'user_7528', 'password', 'DRIVER');
INSERT INTO users (id, username, password, role) VALUES (86, 'user_6663', 'password', 'DRIVER');
INSERT INTO users (id, username, password, role) VALUES (87, 'user_4647', 'password', 'DRIVER');
INSERT INTO users (id, username, password, role) VALUES (88, 'user_4468', 'password', 'DRIVER');
INSERT INTO users (id, username, password, role) VALUES (89, 'user_6909', 'password', 'DRIVER');
INSERT INTO users (id, username, password, role) VALUES (90, 'user_5661', 'password', 'DRIVER');
INSERT INTO users (id, username, password, role) VALUES (91, 'user_7765', 'password', 'DRIVER');
INSERT INTO users (id, username, password, role) VALUES (92, 'user_1457', 'password', 'DRIVER');
INSERT INTO users (id, username, password, role) VALUES (93, 'user_2173', 'password', 'DRIVER');
INSERT INTO users (id, username, password, role) VALUES (94, 'user_4326', 'password', 'DRIVER');
INSERT INTO users (id, username, password, role) VALUES (95, 'user_9662', 'password', 'DRIVER');
INSERT INTO users (id, username, password, role) VALUES (96, 'user_9413', 'password', 'DRIVER');
INSERT INTO users (id, username, password, role) VALUES (97, 'user_1249', 'password', 'DRIVER');
INSERT INTO users (id, username, password, role) VALUES (98, 'user_8216', 'password', 'DRIVER');
INSERT INTO users (id, username, password, role) VALUES (99, 'user_3210', 'password', 'DRIVER');
INSERT INTO users (id, username, password, role) VALUES (100, 'user_8848', 'password', 'DRIVER');

-- Vehicles
INSERT INTO vehicle (id, patente, marca, modelo, km_recorrido, year, fuel_efficiency, battery_health, engine_health, odometer_reading, driver_id) VALUES (1, 'veh_44779', 'Chevrolet', 'Bolt EV', 11305, 2024, 36.68, 50.54, 70.63, 14683.51, 1);
INSERT INTO travel_log (vehicle_id, start_position, end_position, avg_speed, avg_acceleration, state, created_at, arrival_time) VALUES (1, POINT(-71.84921, -128.242123), POINT(-71.74921, -128.142123), 52.15, 3.56, 'ARRIVED', NOW(), NOW());
INSERT INTO vehicle (id, patente, marca, modelo, km_recorrido, year, fuel_efficiency, battery_health, engine_health, odometer_reading, driver_id) VALUES (2, 'veh_21964', 'Audi', 'e-Tron', 86903, 2021, 13.26, 71.39, 62.66, 90184.55, 2);
INSERT INTO travel_log (vehicle_id, start_position, end_position, avg_speed, avg_acceleration, state, created_at, arrival_time) VALUES (2, POINT(2.280306, 4.442873), POINT(2.380306, 4.542872999999999), 87.42, 1.37, 'IN_PROGRESS', NOW(), NOW());
INSERT INTO vehicle (id, patente, marca, modelo, km_recorrido, year, fuel_efficiency, battery_health, engine_health, odometer_reading, driver_id) VALUES (3, 'veh_68514', 'Chevrolet', 'Bolt EV', 8851, 2021, 12.97, 57.24, 64.43, 13688.76, 3);
INSERT INTO travel_log (vehicle_id, start_position, end_position, avg_speed, avg_acceleration, state, created_at, arrival_time) VALUES (3, POINT(30.359173, 115.250214), POINT(30.459173, 115.350214), 4.47, 3.39, 'ARRIVED', NOW(), NOW());
INSERT INTO vehicle (id, patente, marca, modelo, km_recorrido, year, fuel_efficiency, battery_health, engine_health, odometer_reading, driver_id) VALUES (4, 'veh_62513', 'Tesla', 'Model S', 97443, 2021, 19.22, 100.0, 81.27, 101203.99, 4);
INSERT INTO travel_log (vehicle_id, start_position, end_position, avg_speed, avg_acceleration, state, created_at, arrival_time) VALUES (4, POINT(-66.598232, 50.525805), POINT(-66.498232, 50.625805), 76.62, 2.29, 'ARRIVED', NOW(), NOW());
INSERT INTO vehicle (id, patente, marca, modelo, km_recorrido, year, fuel_efficiency, battery_health, engine_health, odometer_reading, driver_id) VALUES (5, 'veh_67381', 'BMW', 'i4', 65055, 2019, 38.26, 100.0, 99.32, 69352.36, 5);
INSERT INTO travel_log (vehicle_id, start_position, end_position, avg_speed, avg_acceleration, state, created_at, arrival_time) VALUES (5, POINT(-42.136332, -142.509669), POINT(-42.036332, -142.409669), 113.39, 0.9, 'ARRIVED', NOW(), NOW());
INSERT INTO vehicle (id, patente, marca, modelo, km_recorrido, year, fuel_efficiency, battery_health, engine_health, odometer_reading, driver_id) VALUES (6, 'veh_44946', 'Nissan', 'Leaf', 25159, 2016, 31.4, 100.0, 64.43, 28907.56, 6);
INSERT INTO travel_log (vehicle_id, start_position, end_position, avg_speed, avg_acceleration, state, created_at, arrival_time) VALUES (6, POINT(-50.983001, 15.713494), POINT(-50.883001, 15.813494), 119.67, 2.07, 'IN_PROGRESS', NOW(), NOW());
INSERT INTO vehicle (id, patente, marca, modelo, km_recorrido, year, fuel_efficiency, battery_health, engine_health, odometer_reading, driver_id) VALUES (7, 'veh_22708', 'Honda', 'Civic', 147385, 2024, 35.12, 100.0, 86.87, 148644.28, 7);
INSERT INTO travel_log (vehicle_id, start_position, end_position, avg_speed, avg_acceleration, state, created_at, arrival_time) VALUES (7, POINT(23.423684, 43.722563), POINT(23.523684000000003, 43.822563), 108.71, 4.14, 'IN_PROGRESS', NOW(), NOW());
INSERT INTO vehicle (id, patente, marca, modelo, km_recorrido, year, fuel_efficiency, battery_health, engine_health, odometer_reading, driver_id) VALUES (8, 'veh_46666', 'Tesla', 'Model S', 8256, 2022, 17.11, 100.0, 79.65, 9938.56, 8);
INSERT INTO travel_log (vehicle_id, start_position, end_position, avg_speed, avg_acceleration, state, created_at, arrival_time) VALUES (8, POINT(-13.29619, -22.918752), POINT(-13.19619, -22.818752), 114.2, 1.88, 'IN_PROGRESS', NOW(), NOW());
INSERT INTO vehicle (id, patente, marca, modelo, km_recorrido, year, fuel_efficiency, battery_health, engine_health, odometer_reading, driver_id) VALUES (9, 'veh_73404', 'Honda', 'Civic', 89670, 2021, 31.06, 100.0, 56.57, 91835.84, 9);
INSERT INTO travel_log (vehicle_id, start_position, end_position, avg_speed, avg_acceleration, state, created_at, arrival_time) VALUES (9, POINT(-18.329346, -139.19083), POINT(-18.229346, -139.09083), 95.47, 3.28, 'IN_PROGRESS', NOW(), NOW());
INSERT INTO vehicle (id, patente, marca, modelo, km_recorrido, year, fuel_efficiency, battery_health, engine_health, odometer_reading, driver_id) VALUES (10, 'veh_86725', 'Tesla', 'Model 3', 61971, 2016, 25.72, 100.0, 59.88, 62879.68, 10);
INSERT INTO travel_log (vehicle_id, start_position, end_position, avg_speed, avg_acceleration, state, created_at, arrival_time) VALUES (10, POINT(25.212898, -2.080585), POINT(25.312898, -1.980585), 34.78, 0.02, 'CANCELED', NOW(), NOW());
INSERT INTO vehicle (id, patente, marca, modelo, km_recorrido, year, fuel_efficiency, battery_health, engine_health, odometer_reading, driver_id) VALUES (11, 'veh_10090', 'Tesla', 'Model 3', 66332, 2020, 25.11, 100.0, 55.84, 68078.62000000001, 11);
INSERT INTO travel_log (vehicle_id, start_position, end_position, avg_speed, avg_acceleration, state, created_at, arrival_time) VALUES (11, POINT(-46.704606, 139.411513), POINT(-46.604606, 139.511513), 43.07, 1.68, 'CANCELED', NOW(), NOW());
INSERT INTO vehicle (id, patente, marca, modelo, km_recorrido, year, fuel_efficiency, battery_health, engine_health, odometer_reading, driver_id) VALUES (12, 'veh_62682', 'Chevrolet', 'Bolt EV', 49923, 2015, 27.15, 95.95, 57.39, 54263.75, 12);
INSERT INTO travel_log (vehicle_id, start_position, end_position, avg_speed, avg_acceleration, state, created_at, arrival_time) VALUES (12, POINT(-46.948046, -161.150565), POINT(-46.848046, -161.050565), 72.04, 1.89, 'IN_PROGRESS', NOW(), NOW());
INSERT INTO vehicle (id, patente, marca, modelo, km_recorrido, year, fuel_efficiency, battery_health, engine_health, odometer_reading, driver_id) VALUES (13, 'veh_52858', 'Nissan', 'Leaf', 122805, 2021, 12.44, 100.0, 87.44, 123310.35, 13);
INSERT INTO travel_log (vehicle_id, start_position, end_position, avg_speed, avg_acceleration, state, created_at, arrival_time) VALUES (13, POINT(-57.536322, 31.347475), POINT(-57.436322, 31.447475), 54.33, 2.43, 'CANCELED', NOW(), NOW());
INSERT INTO vehicle (id, patente, marca, modelo, km_recorrido, year, fuel_efficiency, battery_health, engine_health, odometer_reading, driver_id) VALUES (14, 'veh_19840', 'BMW', 'i4', 22517, 2021, 15.81, 100.0, 91.06, 25460.45, 14);
INSERT INTO travel_log (vehicle_id, start_position, end_position, avg_speed, avg_acceleration, state, created_at, arrival_time) VALUES (14, POINT(41.386513, -70.538107), POINT(41.486513, -70.438107), 54.08, 0.46, 'CANCELED', NOW(), NOW());
INSERT INTO vehicle (id, patente, marca, modelo, km_recorrido, year, fuel_efficiency, battery_health, engine_health, odometer_reading, driver_id) VALUES (15, 'veh_36668', 'BMW', 'i4', 17144, 2024, 48.18, 100.0, 86.19, 17400.879999999997, 15);
INSERT INTO travel_log (vehicle_id, start_position, end_position, avg_speed, avg_acceleration, state, created_at, arrival_time) VALUES (15, POINT(51.612849, 58.026774), POINT(51.712849, 58.126774000000005), 12.68, 0.6, 'CANCELED', NOW(), NOW());
INSERT INTO vehicle (id, patente, marca, modelo, km_recorrido, year, fuel_efficiency, battery_health, engine_health, odometer_reading, driver_id) VALUES (16, 'veh_48467', 'Chevrolet', 'Bolt EV', 147455, 2015, 40.63, 84.63, 84.25, 149872.62, 16);
INSERT INTO travel_log (vehicle_id, start_position, end_position, avg_speed, avg_acceleration, state, created_at, arrival_time) VALUES (16, POINT(9.947848, -104.438789), POINT(10.047848, -104.338789), 0.12, 4.49, 'ARRIVED', NOW(), NOW());
INSERT INTO vehicle (id, patente, marca, modelo, km_recorrido, year, fuel_efficiency, battery_health, engine_health, odometer_reading, driver_id) VALUES (17, 'veh_19408', 'Tesla', 'Model 3', 52053, 2019, 32.95, 100.0, 77.52, 52866.74, 17);
INSERT INTO travel_log (vehicle_id, start_position, end_position, avg_speed, avg_acceleration, state, created_at, arrival_time) VALUES (17, POINT(9.51334, 135.408359), POINT(9.613339999999999, 135.50835899999998), 91.38, 3.69, 'IN_PROGRESS', NOW(), NOW());
INSERT INTO vehicle (id, patente, marca, modelo, km_recorrido, year, fuel_efficiency, battery_health, engine_health, odometer_reading, driver_id) VALUES (18, 'veh_32309', 'Ford', 'F-150', 41201, 2021, 32.9, 100.0, 83.38, 43838.69, 18);
INSERT INTO travel_log (vehicle_id, start_position, end_position, avg_speed, avg_acceleration, state, created_at, arrival_time) VALUES (18, POINT(-82.290066, 38.486765), POINT(-82.190066, 38.586765), 101.5, 2.56, 'IN_PROGRESS', NOW(), NOW());
INSERT INTO vehicle (id, patente, marca, modelo, km_recorrido, year, fuel_efficiency, battery_health, engine_health, odometer_reading, driver_id) VALUES (19, 'veh_35734', 'Hyundai', 'Ioniq 5', 6065, 2017, 11.14, 100.0, 77.41, 9959.57, 19);
INSERT INTO travel_log (vehicle_id, start_position, end_position, avg_speed, avg_acceleration, state, created_at, arrival_time) VALUES (19, POINT(54.870638, -78.173663), POINT(54.970638, -78.07366300000001), 31.23, 1.47, 'CANCELED', NOW(), NOW());
INSERT INTO vehicle (id, patente, marca, modelo, km_recorrido, year, fuel_efficiency, battery_health, engine_health, odometer_reading, driver_id) VALUES (20, 'veh_95705', 'Tesla', 'Model S', 35811, 2024, 27.05, 100.0, 99.65, 38113.72, 20);
INSERT INTO travel_log (vehicle_id, start_position, end_position, avg_speed, avg_acceleration, state, created_at, arrival_time) VALUES (20, POINT(65.056183, -169.451895), POINT(65.156183, -169.351895), 3.81, 1.46, 'CANCELED', NOW(), NOW());
INSERT INTO vehicle (id, patente, marca, modelo, km_recorrido, year, fuel_efficiency, battery_health, engine_health, odometer_reading, driver_id) VALUES (21, 'veh_14711', 'Chevrolet', 'Bolt EV', 18391, 2019, 32.41, 66.44, 55.57, 20166.120000000003, 21);
INSERT INTO travel_log (vehicle_id, start_position, end_position, avg_speed, avg_acceleration, state, created_at, arrival_time) VALUES (21, POINT(9.179331, -18.988875), POINT(9.279330999999999, -18.888875), 21.13, 1.56, 'IN_PROGRESS', NOW(), NOW());
INSERT INTO vehicle (id, patente, marca, modelo, km_recorrido, year, fuel_efficiency, battery_health, engine_health, odometer_reading, driver_id) VALUES (22, 'veh_27315', 'Honda', 'Civic', 119369, 2022, 38.52, 100.0, 83.09, 123036.93, 22);
INSERT INTO travel_log (vehicle_id, start_position, end_position, avg_speed, avg_acceleration, state, created_at, arrival_time) VALUES (22, POINT(15.306449, 12.391285), POINT(15.406449, 12.491285), 51.87, 0.01, 'IN_PROGRESS', NOW(), NOW());
INSERT INTO vehicle (id, patente, marca, modelo, km_recorrido, year, fuel_efficiency, battery_health, engine_health, odometer_reading, driver_id) VALUES (23, 'veh_73955', 'BMW', 'i4', 108117, 2023, 25.42, 100.0, 79.09, 109108.54, 23);
INSERT INTO travel_log (vehicle_id, start_position, end_position, avg_speed, avg_acceleration, state, created_at, arrival_time) VALUES (23, POINT(-6.817837, -9.404064), POINT(-6.717837, -9.304064), 62.95, 1.39, 'CANCELED', NOW(), NOW());
INSERT INTO vehicle (id, patente, marca, modelo, km_recorrido, year, fuel_efficiency, battery_health, engine_health, odometer_reading, driver_id) VALUES (24, 'veh_21048', 'Hyundai', 'Ioniq 5', 90705, 2020, 45.47, 100.0, 91.52, 92154.44, 24);
INSERT INTO travel_log (vehicle_id, start_position, end_position, avg_speed, avg_acceleration, state, created_at, arrival_time) VALUES (24, POINT(57.93232, 103.173783), POINT(58.03232, 103.273783), 51.0, 1.92, 'CANCELED', NOW(), NOW());
INSERT INTO vehicle (id, patente, marca, modelo, km_recorrido, year, fuel_efficiency, battery_health, engine_health, odometer_reading, driver_id) VALUES (25, 'veh_52704', 'Tesla', 'Model 3', 42042, 2021, 23.16, 100.0, 84.35, 42157.0, 25);
INSERT INTO travel_log (vehicle_id, start_position, end_position, avg_speed, avg_acceleration, state, created_at, arrival_time) VALUES (25, POINT(47.353296, -38.510829), POINT(47.453296, -38.410829), 101.29, 1.2, 'CANCELED', NOW(), NOW());
INSERT INTO vehicle (id, patente, marca, modelo, km_recorrido, year, fuel_efficiency, battery_health, engine_health, odometer_reading, driver_id) VALUES (26, 'veh_26918', 'Nissan', 'Leaf', 71421, 2016, 25.05, 100.0, 93.17, 72253.3, 26);
INSERT INTO travel_log (vehicle_id, start_position, end_position, avg_speed, avg_acceleration, state, created_at, arrival_time) VALUES (26, POINT(-3.75054, 41.594502), POINT(-3.65054, 41.694502), 94.87, 1.82, 'CANCELED', NOW(), NOW());
INSERT INTO vehicle (id, patente, marca, modelo, km_recorrido, year, fuel_efficiency, battery_health, engine_health, odometer_reading, driver_id) VALUES (27, 'veh_79444', 'Chevrolet', 'Bolt EV', 6271, 2016, 16.95, 91.63, 66.08, 8916.25, 27);
INSERT INTO travel_log (vehicle_id, start_position, end_position, avg_speed, avg_acceleration, state, created_at, arrival_time) VALUES (27, POINT(-39.200306, -104.731438), POINT(-39.100305999999996, -104.631438), 45.29, 3.07, 'CANCELED', NOW(), NOW());
INSERT INTO vehicle (id, patente, marca, modelo, km_recorrido, year, fuel_efficiency, battery_health, engine_health, odometer_reading, driver_id) VALUES (28, 'veh_41461', 'Nissan', 'Leaf', 61309, 2024, 33.3, 100.0, 82.82, 61864.43, 28);
INSERT INTO travel_log (vehicle_id, start_position, end_position, avg_speed, avg_acceleration, state, created_at, arrival_time) VALUES (28, POINT(7.010852, -5.556679), POINT(7.1108519999999995, -5.456679), 104.89, 1.98, 'ARRIVED', NOW(), NOW());
INSERT INTO vehicle (id, patente, marca, modelo, km_recorrido, year, fuel_efficiency, battery_health, engine_health, odometer_reading, driver_id) VALUES (29, 'veh_22335', 'Honda', 'Civic', 149375, 2023, 47.82, 100.0, 90.21, 149413.55, 29);
INSERT INTO travel_log (vehicle_id, start_position, end_position, avg_speed, avg_acceleration, state, created_at, arrival_time) VALUES (29, POINT(10.490951, -132.959812), POINT(10.590951, -132.859812), 116.8, 0.71, 'CANCELED', NOW(), NOW());
INSERT INTO vehicle (id, patente, marca, modelo, km_recorrido, year, fuel_efficiency, battery_health, engine_health, odometer_reading, driver_id) VALUES (30, 'veh_27655', 'Tesla', 'Model S', 31157, 2021, 48.71, 100.0, 84.27, 34268.26, 30);
INSERT INTO travel_log (vehicle_id, start_position, end_position, avg_speed, avg_acceleration, state, created_at, arrival_time) VALUES (30, POINT(37.149759, 173.675539), POINT(37.249759000000005, 173.77553899999998), 13.75, 2.1, 'IN_PROGRESS', NOW(), NOW());
INSERT INTO vehicle (id, patente, marca, modelo, km_recorrido, year, fuel_efficiency, battery_health, engine_health, odometer_reading, driver_id) VALUES (31, 'veh_16261', 'Honda', 'Civic', 45280, 2015, 19.85, 100.0, 89.32, 49615.76, 31);
INSERT INTO travel_log (vehicle_id, start_position, end_position, avg_speed, avg_acceleration, state, created_at, arrival_time) VALUES (31, POINT(54.391419, -175.042776), POINT(54.491419, -174.942776), 40.08, 1.82, 'ARRIVED', NOW(), NOW());
INSERT INTO vehicle (id, patente, marca, modelo, km_recorrido, year, fuel_efficiency, battery_health, engine_health, odometer_reading, driver_id) VALUES (32, 'veh_98216', 'Tesla', 'Model 3', 129195, 2018, 27.28, 100.0, 89.98, 130965.1, 32);
INSERT INTO travel_log (vehicle_id, start_position, end_position, avg_speed, avg_acceleration, state, created_at, arrival_time) VALUES (32, POINT(-87.619946, -116.617271), POINT(-87.519946, -116.51727100000001), 112.66, 3.75, 'CANCELED', NOW(), NOW());
INSERT INTO vehicle (id, patente, marca, modelo, km_recorrido, year, fuel_efficiency, battery_health, engine_health, odometer_reading, driver_id) VALUES (33, 'veh_41827', 'Tesla', 'Model 3', 103097, 2024, 36.65, 100.0, 73.86, 104589.63, 33);
INSERT INTO travel_log (vehicle_id, start_position, end_position, avg_speed, avg_acceleration, state, created_at, arrival_time) VALUES (33, POINT(31.213721, 42.645358), POINT(31.313721, 42.745358), 28.73, 2.47, 'CANCELED', NOW(), NOW());
INSERT INTO vehicle (id, patente, marca, modelo, km_recorrido, year, fuel_efficiency, battery_health, engine_health, odometer_reading, driver_id) VALUES (34, 'veh_68216', 'Nissan', 'Leaf', 134664, 2015, 19.21, 100.0, 92.97, 135006.07, 34);
INSERT INTO travel_log (vehicle_id, start_position, end_position, avg_speed, avg_acceleration, state, created_at, arrival_time) VALUES (34, POINT(82.736638, -156.909933), POINT(82.836638, -156.809933), 66.09, 4.92, 'IN_PROGRESS', NOW(), NOW());
INSERT INTO vehicle (id, patente, marca, modelo, km_recorrido, year, fuel_efficiency, battery_health, engine_health, odometer_reading, driver_id) VALUES (35, 'veh_33776', 'Chevrolet', 'Bolt EV', 26891, 2017, 48.64, 78.45, 82.22, 31844.04, 35);
INSERT INTO travel_log (vehicle_id, start_position, end_position, avg_speed, avg_acceleration, state, created_at, arrival_time) VALUES (35, POINT(-72.312204, -23.580013), POINT(-72.212204, -23.480013), 61.49, 0.02, 'CANCELED', NOW(), NOW());
INSERT INTO vehicle (id, patente, marca, modelo, km_recorrido, year, fuel_efficiency, battery_health, engine_health, odometer_reading, driver_id) VALUES (36, 'veh_57922', 'Hyundai', 'Ioniq 5', 26073, 2016, 22.64, 100.0, 93.11, 27449.57, 36);
INSERT INTO travel_log (vehicle_id, start_position, end_position, avg_speed, avg_acceleration, state, created_at, arrival_time) VALUES (36, POINT(85.625496, -149.584309), POINT(85.72549599999999, -149.484309), 25.65, 3.09, 'ARRIVED', NOW(), NOW());
INSERT INTO vehicle (id, patente, marca, modelo, km_recorrido, year, fuel_efficiency, battery_health, engine_health, odometer_reading, driver_id) VALUES (37, 'veh_70348', 'BMW', 'i4', 9175, 2021, 38.44, 100.0, 85.15, 12987.09, 37);
INSERT INTO travel_log (vehicle_id, start_position, end_position, avg_speed, avg_acceleration, state, created_at, arrival_time) VALUES (37, POINT(-20.243272, -159.346283), POINT(-20.143272, -159.246283), 28.46, 2.08, 'IN_PROGRESS', NOW(), NOW());
INSERT INTO vehicle (id, patente, marca, modelo, km_recorrido, year, fuel_efficiency, battery_health, engine_health, odometer_reading, driver_id) VALUES (38, 'veh_34998', 'Chevrolet', 'Bolt EV', 17051, 2024, 10.87, 93.11, 58.25, 19083.37, 38);
INSERT INTO travel_log (vehicle_id, start_position, end_position, avg_speed, avg_acceleration, state, created_at, arrival_time) VALUES (38, POINT(56.887733, -140.631141), POINT(56.987733, -140.53114100000002), 94.68, 2.43, 'ARRIVED', NOW(), NOW());
INSERT INTO vehicle (id, patente, marca, modelo, km_recorrido, year, fuel_efficiency, battery_health, engine_health, odometer_reading, driver_id) VALUES (39, 'veh_53526', 'Chevrolet', 'Bolt EV', 84638, 2017, 19.77, 88.34, 92.48, 85743.91, 39);
INSERT INTO travel_log (vehicle_id, start_position, end_position, avg_speed, avg_acceleration, state, created_at, arrival_time) VALUES (39, POINT(86.789654, 160.278049), POINT(86.889654, 160.378049), 32.04, 4.65, 'IN_PROGRESS', NOW(), NOW());
INSERT INTO vehicle (id, patente, marca, modelo, km_recorrido, year, fuel_efficiency, battery_health, engine_health, odometer_reading, driver_id) VALUES (40, 'veh_21080', 'Hyundai', 'Ioniq 5', 53767, 2020, 20.98, 100.0, 96.4, 55450.14, 40);
INSERT INTO travel_log (vehicle_id, start_position, end_position, avg_speed, avg_acceleration, state, created_at, arrival_time) VALUES (40, POINT(-37.742562, -11.681168), POINT(-37.642562, -11.581168), 105.87, 1.51, 'ARRIVED', NOW(), NOW());
INSERT INTO vehicle (id, patente, marca, modelo, km_recorrido, year, fuel_efficiency, battery_health, engine_health, odometer_reading, driver_id) VALUES (41, 'veh_27076', 'Audi', 'e-Tron', 100458, 2021, 29.48, 56.62, 51.14, 105355.38, 41);
INSERT INTO travel_log (vehicle_id, start_position, end_position, avg_speed, avg_acceleration, state, created_at, arrival_time) VALUES (41, POINT(-10.59303, -29.520637), POINT(-10.493030000000001, -29.420637), 37.09, 1.56, 'CANCELED', NOW(), NOW());
INSERT INTO vehicle (id, patente, marca, modelo, km_recorrido, year, fuel_efficiency, battery_health, engine_health, odometer_reading, driver_id) VALUES (42, 'veh_17416', 'Ford', 'F-150', 63827, 2020, 40.7, 100.0, 63.13, 66642.11, 42);
INSERT INTO travel_log (vehicle_id, start_position, end_position, avg_speed, avg_acceleration, state, created_at, arrival_time) VALUES (42, POINT(64.287699, 93.173127), POINT(64.387699, 93.27312699999999), 0.78, 0.95, 'IN_PROGRESS', NOW(), NOW());
INSERT INTO vehicle (id, patente, marca, modelo, km_recorrido, year, fuel_efficiency, battery_health, engine_health, odometer_reading, driver_id) VALUES (43, 'veh_36085', 'Honda', 'Civic', 23562, 2023, 16.84, 100.0, 93.69, 27337.83, 43);
INSERT INTO travel_log (vehicle_id, start_position, end_position, avg_speed, avg_acceleration, state, created_at, arrival_time) VALUES (43, POINT(-49.026907, 45.617664), POINT(-48.926907, 45.717664), 58.76, 1.05, 'ARRIVED', NOW(), NOW());
INSERT INTO vehicle (id, patente, marca, modelo, km_recorrido, year, fuel_efficiency, battery_health, engine_health, odometer_reading, driver_id) VALUES (44, 'veh_91494', 'Nissan', 'Leaf', 81423, 2024, 19.63, 100.0, 89.08, 86326.71, 44);
INSERT INTO travel_log (vehicle_id, start_position, end_position, avg_speed, avg_acceleration, state, created_at, arrival_time) VALUES (44, POINT(22.731223, 28.816075), POINT(22.831223, 28.916075000000003), 0.07, 2.52, 'IN_PROGRESS', NOW(), NOW());
INSERT INTO vehicle (id, patente, marca, modelo, km_recorrido, year, fuel_efficiency, battery_health, engine_health, odometer_reading, driver_id) VALUES (45, 'veh_79537', 'Chevrolet', 'Bolt EV', 45477, 2020, 30.07, 90.53, 85.23, 48390.18, 45);
INSERT INTO travel_log (vehicle_id, start_position, end_position, avg_speed, avg_acceleration, state, created_at, arrival_time) VALUES (45, POINT(84.674244, 73.13328), POINT(84.774244, 73.23328), 74.58, 0.15, 'IN_PROGRESS', NOW(), NOW());
INSERT INTO vehicle (id, patente, marca, modelo, km_recorrido, year, fuel_efficiency, battery_health, engine_health, odometer_reading, driver_id) VALUES (46, 'veh_86217', 'Audi', 'e-Tron', 74509, 2021, 20.28, 77.77, 63.79, 74557.08, 46);
INSERT INTO travel_log (vehicle_id, start_position, end_position, avg_speed, avg_acceleration, state, created_at, arrival_time) VALUES (46, POINT(64.324577, -78.915567), POINT(64.424577, -78.815567), 39.81, 0.65, 'ARRIVED', NOW(), NOW());
INSERT INTO vehicle (id, patente, marca, modelo, km_recorrido, year, fuel_efficiency, battery_health, engine_health, odometer_reading, driver_id) VALUES (47, 'veh_99394', 'Toyota', 'Camry', 121923, 2015, 49.14, 100.0, 81.12, 126747.71, 47);
INSERT INTO travel_log (vehicle_id, start_position, end_position, avg_speed, avg_acceleration, state, created_at, arrival_time) VALUES (47, POINT(89.940685, 19.241), POINT(90.040685, 19.341), 26.64, 1.12, 'IN_PROGRESS', NOW(), NOW());
INSERT INTO vehicle (id, patente, marca, modelo, km_recorrido, year, fuel_efficiency, battery_health, engine_health, odometer_reading, driver_id) VALUES (48, 'veh_80385', 'Honda', 'Civic', 36958, 2023, 15.49, 100.0, 59.41, 41741.25, 48);
INSERT INTO travel_log (vehicle_id, start_position, end_position, avg_speed, avg_acceleration, state, created_at, arrival_time) VALUES (48, POINT(-29.143633, -91.778138), POINT(-29.043633, -91.678138), 29.48, 0.12, 'CANCELED', NOW(), NOW());
INSERT INTO vehicle (id, patente, marca, modelo, km_recorrido, year, fuel_efficiency, battery_health, engine_health, odometer_reading, driver_id) VALUES (49, 'veh_67574', 'Hyundai', 'Ioniq 5', 82483, 2024, 11.25, 100.0, 74.83, 83050.08, 49);
INSERT INTO travel_log (vehicle_id, start_position, end_position, avg_speed, avg_acceleration, state, created_at, arrival_time) VALUES (49, POINT(-60.692728, -36.037405), POINT(-60.592728, -35.937405), 49.53, 1.23, 'IN_PROGRESS', NOW(), NOW());
INSERT INTO vehicle (id, patente, marca, modelo, km_recorrido, year, fuel_efficiency, battery_health, engine_health, odometer_reading, driver_id) VALUES (50, 'veh_35883', 'Nissan', 'Leaf', 9755, 2019, 39.17, 100.0, 70.68, 12337.39, 50);
INSERT INTO travel_log (vehicle_id, start_position, end_position, avg_speed, avg_acceleration, state, created_at, arrival_time) VALUES (50, POINT(62.766411, 140.985493), POINT(62.866411, 141.08549299999999), 11.97, 1.41, 'CANCELED', NOW(), NOW());
INSERT INTO vehicle (id, patente, marca, modelo, km_recorrido, year, fuel_efficiency, battery_health, engine_health, odometer_reading, driver_id) VALUES (51, 'veh_22121', 'Ford', 'F-150', 34845, 2024, 42.05, 100.0, 87.56, 39766.79, 51);
INSERT INTO travel_log (vehicle_id, start_position, end_position, avg_speed, avg_acceleration, state, created_at, arrival_time) VALUES (51, POINT(45.477762, 177.495706), POINT(45.577762, 177.595706), 113.19, 1.2, 'CANCELED', NOW(), NOW());
INSERT INTO vehicle (id, patente, marca, modelo, km_recorrido, year, fuel_efficiency, battery_health, engine_health, odometer_reading, driver_id) VALUES (52, 'veh_36645', 'Tesla', 'Model S', 38904, 2018, 10.44, 100.0, 98.45, 40258.58, 52);
INSERT INTO travel_log (vehicle_id, start_position, end_position, avg_speed, avg_acceleration, state, created_at, arrival_time) VALUES (52, POINT(-60.980153, 153.127748), POINT(-60.880153, 153.227748), 47.16, 0.35, 'IN_PROGRESS', NOW(), NOW());
INSERT INTO vehicle (id, patente, marca, modelo, km_recorrido, year, fuel_efficiency, battery_health, engine_health, odometer_reading, driver_id) VALUES (53, 'veh_31364', 'Tesla', 'Model 3', 6006, 2019, 46.57, 100.0, 63.89, 8120.789999999999, 53);
INSERT INTO travel_log (vehicle_id, start_position, end_position, avg_speed, avg_acceleration, state, created_at, arrival_time) VALUES (53, POINT(-18.957874, -42.777536), POINT(-18.857874, -42.677535999999996), 31.42, 3.62, 'CANCELED', NOW(), NOW());
INSERT INTO vehicle (id, patente, marca, modelo, km_recorrido, year, fuel_efficiency, battery_health, engine_health, odometer_reading, driver_id) VALUES (54, 'veh_31151', 'Honda', 'Civic', 115899, 2023, 40.63, 100.0, 50.14, 117663.86, 54);
INSERT INTO travel_log (vehicle_id, start_position, end_position, avg_speed, avg_acceleration, state, created_at, arrival_time) VALUES (54, POINT(-45.722258, 77.535131), POINT(-45.622257999999995, 77.635131), 54.5, 1.07, 'IN_PROGRESS', NOW(), NOW());
INSERT INTO vehicle (id, patente, marca, modelo, km_recorrido, year, fuel_efficiency, battery_health, engine_health, odometer_reading, driver_id) VALUES (55, 'veh_44934', 'Nissan', 'Leaf', 72293, 2021, 12.61, 100.0, 55.88, 77113.22, 55);
INSERT INTO travel_log (vehicle_id, start_position, end_position, avg_speed, avg_acceleration, state, created_at, arrival_time) VALUES (55, POINT(-38.139932, 143.837178), POINT(-38.039932, 143.937178), 108.74, 3.83, 'CANCELED', NOW(), NOW());
INSERT INTO vehicle (id, patente, marca, modelo, km_recorrido, year, fuel_efficiency, battery_health, engine_health, odometer_reading, driver_id) VALUES (56, 'veh_87050', 'Audi', 'e-Tron', 71973, 2018, 29.43, 51.83, 61.82, 72669.53, 56);
INSERT INTO travel_log (vehicle_id, start_position, end_position, avg_speed, avg_acceleration, state, created_at, arrival_time) VALUES (56, POINT(85.326422, -123.304152), POINT(85.42642199999999, -123.20415200000001), 26.39, 3.86, 'CANCELED', NOW(), NOW());
INSERT INTO vehicle (id, patente, marca, modelo, km_recorrido, year, fuel_efficiency, battery_health, engine_health, odometer_reading, driver_id) VALUES (57, 'veh_54872', 'Audi', 'e-Tron', 69408, 2015, 33.69, 73.66, 99.0, 71161.69, 57);
INSERT INTO travel_log (vehicle_id, start_position, end_position, avg_speed, avg_acceleration, state, created_at, arrival_time) VALUES (57, POINT(82.516546, 5.676328), POINT(82.616546, 5.7763279999999995), 55.41, 0.11, 'IN_PROGRESS', NOW(), NOW());
INSERT INTO vehicle (id, patente, marca, modelo, km_recorrido, year, fuel_efficiency, battery_health, engine_health, odometer_reading, driver_id) VALUES (58, 'veh_98048', 'Honda', 'Civic', 107815, 2019, 40.38, 100.0, 98.16, 109317.09, 58);
INSERT INTO travel_log (vehicle_id, start_position, end_position, avg_speed, avg_acceleration, state, created_at, arrival_time) VALUES (58, POINT(75.128404, -98.789024), POINT(75.228404, -98.689024), 112.34, 3.33, 'ARRIVED', NOW(), NOW());
INSERT INTO vehicle (id, patente, marca, modelo, km_recorrido, year, fuel_efficiency, battery_health, engine_health, odometer_reading, driver_id) VALUES (59, 'veh_32380', 'Ford', 'F-150', 38122, 2021, 49.27, 100.0, 82.72, 41193.44, 59);
INSERT INTO travel_log (vehicle_id, start_position, end_position, avg_speed, avg_acceleration, state, created_at, arrival_time) VALUES (59, POINT(70.353338, -164.39958), POINT(70.45333799999999, -164.29958), 99.21, 4.77, 'ARRIVED', NOW(), NOW());
INSERT INTO vehicle (id, patente, marca, modelo, km_recorrido, year, fuel_efficiency, battery_health, engine_health, odometer_reading, driver_id) VALUES (60, 'veh_47816', 'Honda', 'Civic', 149722, 2018, 18.92, 100.0, 73.7, 153541.19, 60);
INSERT INTO travel_log (vehicle_id, start_position, end_position, avg_speed, avg_acceleration, state, created_at, arrival_time) VALUES (60, POINT(72.649066, -66.631336), POINT(72.749066, -66.53133600000001), 107.54, 1.69, 'ARRIVED', NOW(), NOW());
INSERT INTO vehicle (id, patente, marca, modelo, km_recorrido, year, fuel_efficiency, battery_health, engine_health, odometer_reading, driver_id) VALUES (61, 'veh_46273', 'Tesla', 'Model S', 90800, 2024, 35.9, 100.0, 94.0, 92275.58, 61);
INSERT INTO travel_log (vehicle_id, start_position, end_position, avg_speed, avg_acceleration, state, created_at, arrival_time) VALUES (61, POINT(-59.949389, 67.601472), POINT(-59.849388999999995, 67.701472), 84.9, 3.13, 'ARRIVED', NOW(), NOW());
INSERT INTO vehicle (id, patente, marca, modelo, km_recorrido, year, fuel_efficiency, battery_health, engine_health, odometer_reading, driver_id) VALUES (62, 'veh_94609', 'Tesla', 'Model S', 77319, 2018, 49.93, 100.0, 77.81, 79908.54999999999, 62);
INSERT INTO travel_log (vehicle_id, start_position, end_position, avg_speed, avg_acceleration, state, created_at, arrival_time) VALUES (62, POINT(-66.202315, 65.780922), POINT(-66.102315, 65.880922), 44.47, 3.27, 'IN_PROGRESS', NOW(), NOW());
INSERT INTO vehicle (id, patente, marca, modelo, km_recorrido, year, fuel_efficiency, battery_health, engine_health, odometer_reading, driver_id) VALUES (63, 'veh_48537', 'BMW', 'i4', 130792, 2024, 39.96, 100.0, 54.73, 131556.2, 63);
INSERT INTO travel_log (vehicle_id, start_position, end_position, avg_speed, avg_acceleration, state, created_at, arrival_time) VALUES (63, POINT(32.463853, 153.369633), POINT(32.563853, 153.469633), 72.52, 3.73, 'CANCELED', NOW(), NOW());
INSERT INTO vehicle (id, patente, marca, modelo, km_recorrido, year, fuel_efficiency, battery_health, engine_health, odometer_reading, driver_id) VALUES (64, 'veh_22755', 'Hyundai', 'Ioniq 5', 113431, 2021, 27.65, 100.0, 83.57, 115870.69, 64);
INSERT INTO travel_log (vehicle_id, start_position, end_position, avg_speed, avg_acceleration, state, created_at, arrival_time) VALUES (64, POINT(83.235826, -75.162819), POINT(83.335826, -75.062819), 54.94, 1.88, 'IN_PROGRESS', NOW(), NOW());
INSERT INTO vehicle (id, patente, marca, modelo, km_recorrido, year, fuel_efficiency, battery_health, engine_health, odometer_reading, driver_id) VALUES (65, 'veh_38829', 'Hyundai', 'Ioniq 5', 114421, 2023, 19.82, 100.0, 98.61, 118364.48, 65);
INSERT INTO travel_log (vehicle_id, start_position, end_position, avg_speed, avg_acceleration, state, created_at, arrival_time) VALUES (65, POINT(-81.761417, -99.629293), POINT(-81.661417, -99.52929300000001), 44.12, 1.28, 'IN_PROGRESS', NOW(), NOW());
INSERT INTO vehicle (id, patente, marca, modelo, km_recorrido, year, fuel_efficiency, battery_health, engine_health, odometer_reading, driver_id) VALUES (66, 'veh_62883', 'Audi', 'e-Tron', 114152, 2019, 33.89, 97.87, 68.35, 115615.01, 66);
INSERT INTO travel_log (vehicle_id, start_position, end_position, avg_speed, avg_acceleration, state, created_at, arrival_time) VALUES (66, POINT(-57.115899, -172.651678), POINT(-57.015899, -172.551678), 69.81, 1.28, 'IN_PROGRESS', NOW(), NOW());
INSERT INTO vehicle (id, patente, marca, modelo, km_recorrido, year, fuel_efficiency, battery_health, engine_health, odometer_reading, driver_id) VALUES (67, 'veh_12572', 'Hyundai', 'Ioniq 5', 130987, 2018, 39.13, 100.0, 92.39, 134809.16, 67);
INSERT INTO travel_log (vehicle_id, start_position, end_position, avg_speed, avg_acceleration, state, created_at, arrival_time) VALUES (67, POINT(-16.707782, 40.747819), POINT(-16.607782, 40.847819), 92.6, 3.93, 'IN_PROGRESS', NOW(), NOW());
INSERT INTO vehicle (id, patente, marca, modelo, km_recorrido, year, fuel_efficiency, battery_health, engine_health, odometer_reading, driver_id) VALUES (68, 'veh_70707', 'BMW', 'i4', 45745, 2017, 30.35, 100.0, 89.53, 47946.9, 68);
INSERT INTO travel_log (vehicle_id, start_position, end_position, avg_speed, avg_acceleration, state, created_at, arrival_time) VALUES (68, POINT(26.876092, -50.134744), POINT(26.976092, -50.034743999999996), 10.42, 1.43, 'IN_PROGRESS', NOW(), NOW());
INSERT INTO vehicle (id, patente, marca, modelo, km_recorrido, year, fuel_efficiency, battery_health, engine_health, odometer_reading, driver_id) VALUES (69, 'veh_47947', 'Tesla', 'Model S', 10752, 2024, 46.57, 100.0, 86.38, 14778.38, 69);
INSERT INTO travel_log (vehicle_id, start_position, end_position, avg_speed, avg_acceleration, state, created_at, arrival_time) VALUES (69, POINT(68.45011, 54.841127), POINT(68.55010999999999, 54.941127), 31.15, 4.52, 'IN_PROGRESS', NOW(), NOW());
INSERT INTO vehicle (id, patente, marca, modelo, km_recorrido, year, fuel_efficiency, battery_health, engine_health, odometer_reading, driver_id) VALUES (70, 'veh_16680', 'Tesla', 'Model S', 79597, 2018, 28.3, 100.0, 75.47, 80000.87999999999, 70);
INSERT INTO travel_log (vehicle_id, start_position, end_position, avg_speed, avg_acceleration, state, created_at, arrival_time) VALUES (70, POINT(76.781149, 35.21296), POINT(76.881149, 35.312960000000004), 25.41, 0.66, 'IN_PROGRESS', NOW(), NOW());
INSERT INTO vehicle (id, patente, marca, modelo, km_recorrido, year, fuel_efficiency, battery_health, engine_health, odometer_reading, driver_id) VALUES (71, 'veh_47886', 'Hyundai', 'Ioniq 5', 89678, 2024, 29.77, 100.0, 61.96, 92311.55, 71);
INSERT INTO travel_log (vehicle_id, start_position, end_position, avg_speed, avg_acceleration, state, created_at, arrival_time) VALUES (71, POINT(86.938843, 39.109481), POINT(87.038843, 39.209481000000004), 42.61, 0.1, 'ARRIVED', NOW(), NOW());
INSERT INTO vehicle (id, patente, marca, modelo, km_recorrido, year, fuel_efficiency, battery_health, engine_health, odometer_reading, driver_id) VALUES (72, 'veh_94627', 'Ford', 'F-150', 114907, 2015, 35.82, 100.0, 72.91, 115939.45, 72);
INSERT INTO travel_log (vehicle_id, start_position, end_position, avg_speed, avg_acceleration, state, created_at, arrival_time) VALUES (72, POINT(33.410913, -39.934533), POINT(33.510913, -39.834533), 116.1, 0.04, 'CANCELED', NOW(), NOW());
INSERT INTO vehicle (id, patente, marca, modelo, km_recorrido, year, fuel_efficiency, battery_health, engine_health, odometer_reading, driver_id) VALUES (73, 'veh_11982', 'BMW', 'i4', 101309, 2017, 46.33, 100.0, 92.66, 104039.66, 73);
INSERT INTO travel_log (vehicle_id, start_position, end_position, avg_speed, avg_acceleration, state, created_at, arrival_time) VALUES (73, POINT(86.680796, 91.297717), POINT(86.780796, 91.397717), 43.34, 1.01, 'CANCELED', NOW(), NOW());
INSERT INTO vehicle (id, patente, marca, modelo, km_recorrido, year, fuel_efficiency, battery_health, engine_health, odometer_reading, driver_id) VALUES (74, 'veh_70601', 'Ford', 'F-150', 111868, 2020, 16.25, 100.0, 85.78, 113772.87, 74);
INSERT INTO travel_log (vehicle_id, start_position, end_position, avg_speed, avg_acceleration, state, created_at, arrival_time) VALUES (74, POINT(-9.540841, -80.146566), POINT(-9.440841, -80.04656600000001), 14.05, 4.19, 'CANCELED', NOW(), NOW());
INSERT INTO vehicle (id, patente, marca, modelo, km_recorrido, year, fuel_efficiency, battery_health, engine_health, odometer_reading, driver_id) VALUES (75, 'veh_93538', 'Hyundai', 'Ioniq 5', 101337, 2016, 40.4, 100.0, 82.26, 104451.17, 75);
INSERT INTO travel_log (vehicle_id, start_position, end_position, avg_speed, avg_acceleration, state, created_at, arrival_time) VALUES (75, POINT(21.365435, -85.620013), POINT(21.465435000000003, -85.520013), 45.9, 4.76, 'ARRIVED', NOW(), NOW());
INSERT INTO vehicle (id, patente, marca, modelo, km_recorrido, year, fuel_efficiency, battery_health, engine_health, odometer_reading, driver_id) VALUES (76, 'veh_41026', 'Hyundai', 'Ioniq 5', 115698, 2018, 46.53, 100.0, 65.19, 118407.05, 76);
INSERT INTO travel_log (vehicle_id, start_position, end_position, avg_speed, avg_acceleration, state, created_at, arrival_time) VALUES (76, POINT(-79.629592, -156.65008), POINT(-79.52959200000001, -156.55008), 28.65, 0.66, 'CANCELED', NOW(), NOW());
INSERT INTO vehicle (id, patente, marca, modelo, km_recorrido, year, fuel_efficiency, battery_health, engine_health, odometer_reading, driver_id) VALUES (77, 'veh_81192', 'Tesla', 'Model 3', 37201, 2019, 17.09, 100.0, 79.7, 41598.28999999999, 77);
INSERT INTO travel_log (vehicle_id, start_position, end_position, avg_speed, avg_acceleration, state, created_at, arrival_time) VALUES (77, POINT(-89.801108, -77.918388), POINT(-89.701108, -77.818388), 92.62, 1.83, 'IN_PROGRESS', NOW(), NOW());
INSERT INTO vehicle (id, patente, marca, modelo, km_recorrido, year, fuel_efficiency, battery_health, engine_health, odometer_reading, driver_id) VALUES (78, 'veh_26949', 'Honda', 'Civic', 29747, 2015, 26.42, 100.0, 56.67, 30682.73, 78);
INSERT INTO travel_log (vehicle_id, start_position, end_position, avg_speed, avg_acceleration, state, created_at, arrival_time) VALUES (78, POINT(-81.270264, 115.778935), POINT(-81.170264, 115.878935), 23.35, 3.09, 'ARRIVED', NOW(), NOW());
INSERT INTO vehicle (id, patente, marca, modelo, km_recorrido, year, fuel_efficiency, battery_health, engine_health, odometer_reading, driver_id) VALUES (79, 'veh_67307', 'Tesla', 'Model 3', 91236, 2021, 46.3, 100.0, 53.38, 96219.58, 79);
INSERT INTO travel_log (vehicle_id, start_position, end_position, avg_speed, avg_acceleration, state, created_at, arrival_time) VALUES (79, POINT(-72.403788, -104.961858), POINT(-72.30378800000001, -104.86185800000001), 73.21, 1.71, 'IN_PROGRESS', NOW(), NOW());
INSERT INTO vehicle (id, patente, marca, modelo, km_recorrido, year, fuel_efficiency, battery_health, engine_health, odometer_reading, driver_id) VALUES (80, 'veh_69140', 'Nissan', 'Leaf', 60036, 2019, 16.78, 100.0, 51.12, 63822.54, 80);
INSERT INTO travel_log (vehicle_id, start_position, end_position, avg_speed, avg_acceleration, state, created_at, arrival_time) VALUES (80, POINT(55.907944, -153.5766), POINT(56.007944, -153.47660000000002), 91.27, 0.6, 'CANCELED', NOW(), NOW());
INSERT INTO vehicle (id, patente, marca, modelo, km_recorrido, year, fuel_efficiency, battery_health, engine_health, odometer_reading, driver_id) VALUES (81, 'veh_37186', 'Tesla', 'Model 3', 131391, 2016, 16.61, 100.0, 60.78, 136222.75, 81);
INSERT INTO travel_log (vehicle_id, start_position, end_position, avg_speed, avg_acceleration, state, created_at, arrival_time) VALUES (81, POINT(-37.815381, -176.655628), POINT(-37.715381, -176.555628), 33.44, 2.53, 'IN_PROGRESS', NOW(), NOW());
INSERT INTO vehicle (id, patente, marca, modelo, km_recorrido, year, fuel_efficiency, battery_health, engine_health, odometer_reading, driver_id) VALUES (82, 'veh_88713', 'Honda', 'Civic', 128600, 2021, 46.99, 100.0, 78.04, 130495.75, 82);
INSERT INTO travel_log (vehicle_id, start_position, end_position, avg_speed, avg_acceleration, state, created_at, arrival_time) VALUES (82, POINT(21.114552, 129.180918), POINT(21.214552, 129.28091799999999), 23.97, 1.01, 'ARRIVED', NOW(), NOW());
INSERT INTO vehicle (id, patente, marca, modelo, km_recorrido, year, fuel_efficiency, battery_health, engine_health, odometer_reading, driver_id) VALUES (83, 'veh_10212', 'Hyundai', 'Ioniq 5', 79144, 2019, 23.07, 100.0, 52.0, 80111.25, 83);
INSERT INTO travel_log (vehicle_id, start_position, end_position, avg_speed, avg_acceleration, state, created_at, arrival_time) VALUES (83, POINT(-67.029871, 68.611117), POINT(-66.929871, 68.71111699999999), 31.59, 3.72, 'ARRIVED', NOW(), NOW());
INSERT INTO vehicle (id, patente, marca, modelo, km_recorrido, year, fuel_efficiency, battery_health, engine_health, odometer_reading, driver_id) VALUES (84, 'veh_48587', 'Audi', 'e-Tron', 147282, 2015, 31.13, 59.22, 79.13, 149478.55, 84);
INSERT INTO travel_log (vehicle_id, start_position, end_position, avg_speed, avg_acceleration, state, created_at, arrival_time) VALUES (84, POINT(-15.964877, -75.432237), POINT(-15.864877, -75.332237), 73.22, 3.54, 'IN_PROGRESS', NOW(), NOW());
INSERT INTO vehicle (id, patente, marca, modelo, km_recorrido, year, fuel_efficiency, battery_health, engine_health, odometer_reading, driver_id) VALUES (85, 'veh_60835', 'Tesla', 'Model S', 61214, 2021, 34.09, 100.0, 87.23, 64246.58, 85);
INSERT INTO travel_log (vehicle_id, start_position, end_position, avg_speed, avg_acceleration, state, created_at, arrival_time) VALUES (85, POINT(-74.699439, -73.983417), POINT(-74.599439, -73.88341700000001), 41.17, 2.9, 'ARRIVED', NOW(), NOW());
INSERT INTO vehicle (id, patente, marca, modelo, km_recorrido, year, fuel_efficiency, battery_health, engine_health, odometer_reading, driver_id) VALUES (86, 'veh_28248', 'Ford', 'F-150', 107974, 2019, 45.81, 100.0, 82.2, 109133.35, 86);
INSERT INTO travel_log (vehicle_id, start_position, end_position, avg_speed, avg_acceleration, state, created_at, arrival_time) VALUES (86, POINT(87.278702, 78.495908), POINT(87.37870199999999, 78.595908), 40.93, 0.51, 'CANCELED', NOW(), NOW());
INSERT INTO vehicle (id, patente, marca, modelo, km_recorrido, year, fuel_efficiency, battery_health, engine_health, odometer_reading, driver_id) VALUES (87, 'veh_53482', 'Hyundai', 'Ioniq 5', 98688, 2022, 45.75, 100.0, 55.97, 99533.66, 87);
INSERT INTO travel_log (vehicle_id, start_position, end_position, avg_speed, avg_acceleration, state, created_at, arrival_time) VALUES (87, POINT(-62.078786, -63.8005), POINT(-61.978786, -63.7005), 83.59, 0.25, 'IN_PROGRESS', NOW(), NOW());
INSERT INTO vehicle (id, patente, marca, modelo, km_recorrido, year, fuel_efficiency, battery_health, engine_health, odometer_reading, driver_id) VALUES (88, 'veh_83303', 'Tesla', 'Model S', 23913, 2022, 26.8, 100.0, 93.5, 27179.4, 88);
INSERT INTO travel_log (vehicle_id, start_position, end_position, avg_speed, avg_acceleration, state, created_at, arrival_time) VALUES (88, POINT(68.535567, -177.345804), POINT(68.635567, -177.245804), 82.23, 4.18, 'ARRIVED', NOW(), NOW());
INSERT INTO vehicle (id, patente, marca, modelo, km_recorrido, year, fuel_efficiency, battery_health, engine_health, odometer_reading, driver_id) VALUES (89, 'veh_26511', 'Tesla', 'Model 3', 52406, 2018, 34.16, 100.0, 52.51, 54232.52, 89);
INSERT INTO travel_log (vehicle_id, start_position, end_position, avg_speed, avg_acceleration, state, created_at, arrival_time) VALUES (89, POINT(0.795383, -171.592534), POINT(0.8953829999999999, -171.492534), 98.36, 3.24, 'IN_PROGRESS', NOW(), NOW());
INSERT INTO vehicle (id, patente, marca, modelo, km_recorrido, year, fuel_efficiency, battery_health, engine_health, odometer_reading, driver_id) VALUES (90, 'veh_37774', 'BMW', 'i4', 120258, 2016, 16.97, 100.0, 88.33, 123783.97, 90);
INSERT INTO travel_log (vehicle_id, start_position, end_position, avg_speed, avg_acceleration, state, created_at, arrival_time) VALUES (90, POINT(-88.299416, 38.362377), POINT(-88.199416, 38.462377000000004), 39.82, 3.98, 'ARRIVED', NOW(), NOW());
INSERT INTO vehicle (id, patente, marca, modelo, km_recorrido, year, fuel_efficiency, battery_health, engine_health, odometer_reading, driver_id) VALUES (91, 'veh_16181', 'Ford', 'F-150', 85952, 2022, 43.52, 100.0, 81.1, 87937.13, 91);
INSERT INTO travel_log (vehicle_id, start_position, end_position, avg_speed, avg_acceleration, state, created_at, arrival_time) VALUES (91, POINT(-56.484512, -42.292244), POINT(-56.384512, -42.192243999999995), 12.18, 1.15, 'IN_PROGRESS', NOW(), NOW());
INSERT INTO vehicle (id, patente, marca, modelo, km_recorrido, year, fuel_efficiency, battery_health, engine_health, odometer_reading, driver_id) VALUES (92, 'veh_55488', 'Tesla', 'Model 3', 75990, 2015, 48.81, 100.0, 66.32, 78428.68, 92);
INSERT INTO travel_log (vehicle_id, start_position, end_position, avg_speed, avg_acceleration, state, created_at, arrival_time) VALUES (92, POINT(12.582679, 143.09585), POINT(12.682679, 143.19585), 118.47, 0.31, 'ARRIVED', NOW(), NOW());
INSERT INTO vehicle (id, patente, marca, modelo, km_recorrido, year, fuel_efficiency, battery_health, engine_health, odometer_reading, driver_id) VALUES (93, 'veh_51363', 'Hyundai', 'Ioniq 5', 104355, 2024, 26.88, 100.0, 84.73, 108135.94, 93);
INSERT INTO travel_log (vehicle_id, start_position, end_position, avg_speed, avg_acceleration, state, created_at, arrival_time) VALUES (93, POINT(47.852041, -80.274306), POINT(47.952041, -80.174306), 69.76, 2.28, 'ARRIVED', NOW(), NOW());
INSERT INTO vehicle (id, patente, marca, modelo, km_recorrido, year, fuel_efficiency, battery_health, engine_health, odometer_reading, driver_id) VALUES (94, 'veh_27203', 'Toyota', 'Camry', 26937, 2019, 39.47, 100.0, 63.86, 30755.03, 94);
INSERT INTO travel_log (vehicle_id, start_position, end_position, avg_speed, avg_acceleration, state, created_at, arrival_time) VALUES (94, POINT(66.633586, -166.770364), POINT(66.73358599999999, -166.670364), 17.81, 4.34, 'ARRIVED', NOW(), NOW());
INSERT INTO vehicle (id, patente, marca, modelo, km_recorrido, year, fuel_efficiency, battery_health, engine_health, odometer_reading, driver_id) VALUES (95, 'veh_72891', 'Hyundai', 'Ioniq 5', 31756, 2023, 21.12, 100.0, 62.41, 32797.590000000004, 95);
INSERT INTO travel_log (vehicle_id, start_position, end_position, avg_speed, avg_acceleration, state, created_at, arrival_time) VALUES (95, POINT(69.422625, -16.281305), POINT(69.52262499999999, -16.181305), 25.9, 3.7, 'ARRIVED', NOW(), NOW());
INSERT INTO vehicle (id, patente, marca, modelo, km_recorrido, year, fuel_efficiency, battery_health, engine_health, odometer_reading, driver_id) VALUES (96, 'veh_92158', 'BMW', 'i4', 96463, 2016, 10.59, 100.0, 62.95, 99678.09, 96);
INSERT INTO travel_log (vehicle_id, start_position, end_position, avg_speed, avg_acceleration, state, created_at, arrival_time) VALUES (96, POINT(-86.985428, -113.725956), POINT(-86.885428, -113.625956), 40.33, 1.65, 'CANCELED', NOW(), NOW());
INSERT INTO vehicle (id, patente, marca, modelo, km_recorrido, year, fuel_efficiency, battery_health, engine_health, odometer_reading, driver_id) VALUES (97, 'veh_88678', 'Hyundai', 'Ioniq 5', 89032, 2018, 27.87, 100.0, 55.73, 89530.81, 97);
INSERT INTO travel_log (vehicle_id, start_position, end_position, avg_speed, avg_acceleration, state, created_at, arrival_time) VALUES (97, POINT(-54.508437, 101.677209), POINT(-54.408437, 101.777209), 33.16, 3.46, 'ARRIVED', NOW(), NOW());
INSERT INTO vehicle (id, patente, marca, modelo, km_recorrido, year, fuel_efficiency, battery_health, engine_health, odometer_reading, driver_id) VALUES (98, 'veh_28318', 'Tesla', 'Model 3', 82685, 2020, 32.9, 100.0, 95.34, 83093.5, 98);
INSERT INTO travel_log (vehicle_id, start_position, end_position, avg_speed, avg_acceleration, state, created_at, arrival_time) VALUES (98, POINT(89.854714, -100.549017), POINT(89.954714, -100.44901700000001), 25.99, 1.48, 'CANCELED', NOW(), NOW());
INSERT INTO vehicle (id, patente, marca, modelo, km_recorrido, year, fuel_efficiency, battery_health, engine_health, odometer_reading, driver_id) VALUES (99, 'veh_15769', 'Audi', 'e-Tron', 78553, 2023, 34.74, 90.83, 76.79, 79562.52, 99);
INSERT INTO travel_log (vehicle_id, start_position, end_position, avg_speed, avg_acceleration, state, created_at, arrival_time) VALUES (99, POINT(2.669306, 170.059143), POINT(2.7693060000000003, 170.159143), 99.31, 3.46, 'CANCELED', NOW(), NOW());
INSERT INTO vehicle (id, patente, marca, modelo, km_recorrido, year, fuel_efficiency, battery_health, engine_health, odometer_reading, driver_id) VALUES (100, 'veh_94667', 'Nissan', 'Leaf', 15211, 2023, 38.6, 100.0, 79.23, 16663.75, 100);
INSERT INTO travel_log (vehicle_id, start_position, end_position, avg_speed, avg_acceleration, state, created_at, arrival_time) VALUES (100, POINT(-83.85608, -89.336533), POINT(-83.75608000000001, -89.23653300000001), 7.62, 0.46, 'ARRIVED', NOW(), NOW());
